<!-- Szene 1: Flat shaded cube -->

<!DOCTYPE scene SYSTEM "..\scene.dtd">
<scene>
  <global>
    <background color="15"/>
  </global>
<cameras>

<camera id="nearcamera" 
 fov="60" x="9.291" y="-26.424" z="6.698" >
 <target x="4.424" y="-3.423" z="3.197"  />
</camera>

<camera id="k1" 
 fov="90" x="0" y="0" z="50" pitch="180" pan="0" roll="0" />

<camera id="k2" 
 fov="90" x="50" y="0" z="2" pitch="0" pan="90" roll="90" />

<camera id="k3" 
 fov="90" x="-50" y="0" z="2" pitch="180" pan="90" roll="90" />

<camera id="k4" 
 fov="90" x="-2" y="-5.15" z="5.75" pitch="-30" pan="264" roll="0" />

<!--
<camera id="Stdcamera" 
 fov="90" x="-9.291" y="-26.424" z="6.698" pitch="64" pan="255" roll="-70" />
-->

</cameras>
<textures>
<texture id="tex_karte_cw" src="karte-CW.PCX" rescale="yes" optimize="yes"/>
<texture id="tex_bdy" src="bdy.PCX" rescale="yes" optimize="yes"/>
</textures>
<materials>
<material id="cubemat" numgradients="100" shadetype="PL_SHADE_FLAT" 
ambient0="32" ambient1="0" ambient2="16" 
diffuse0="200" diffuse1="100" diffuse2="150" />
<material id="karte_mat" numgradients="100" shadetype="PL_SHADE_GOURAUD"
  texture="tex_karte_cw" perspectivecorrect="1"
  ambient0="12" ambient1="12" ambient2="12" 
  diffuse0="25" diffuse1="25" diffuse2="25"/>
<material id="bdy_mat" numgradients="100" shadetype="PL_SHADE_GOURAUD"
texture="tex_bdy" perspectivecorrect="8"
ambient0="12" ambient1="12" ambient2="12" 
diffuse0="25" diffuse1="25" diffuse2="25"/>
<material id="Copper_Texture" numgradients="100"
shadetype="PL_SHADE_GOURAUD"
shininess="160"
 ambient0="37" ambient1="23" ambient2="10" 
diffuse0="129" diffuse1="80" diffuse2="36"
specular0="138" specular1="86" specular2="38" />
<material id="tx_foot" numgradients="100"
shadetype="PL_SHADE_GOURAUD"
shininess="40"
 ambient0="9" ambient1="6" ambient2="5" 
diffuse0="46" diffuse1="32" diffuse2="26"
specular0="55" specular1="38" specular2="31" /></materials>
<lights>
<light id="Light001" type="PL_LIGHT_POINT_DISTANCE" xp="20.744" yp="20.671" zp="10.279"
intensity="0.33" falloff="15.0"/>
<light id="Light002" type="PL_LIGHT_POINT_DISTANCE" xp="8.659" yp="-10.675" zp="2.976"
intensity="0.33" falloff="15.0"/>
<light id="Light003" type="PL_LIGHT_POINT_DISTANCE" xp="-7.197" yp="14.246" zp="3.259"
intensity="0.33" falloff="10.0"/>
</lights>
<objects>
<box id="c_bdy_1" material="bdy_mat" w="2" d="2" h="2"/>
<box id="c_bdy_2a" material="bdy_mat" w="2" d="2" h="2"/>
<box id="c_bdy_2b" material="bdy_mat" w="2" d="2" h="2"/>
<box id="c_bdy_3" material="bdy_mat" w="2" d="2" h="2" />
<box id="Tisch" material="Copper_Texture" w="2" d="2" h="2"/>
<box id="TSweep2" material="karte_mat" w="1.0" d="1.5" h="0.05" />
<box id="TSweep3" material="karte_mat" w="1.0" d="1.5" h="0.05" />
<box id="TSweep4" material="karte_mat" w="1.0" d="1.5" h="0.05" />
<box id="TSweep5" material="karte_mat" w="1.0" d="1.5" h="0.05" />
<cylinder id="fuss1" material="tx_foot" r="1" h="1" divr="10"
captop="yes" capbottom="yes" />
<cylinder id="fuss2" material="tx_foot" r="1" h="1" divr="10"
captop="yes" capbottom="yes" />
<cylinder id="fuss3" material="tx_foot" r="1" h="1" divr="10"
captop="yes" capbottom="yes" />
<cylinder id="fuss4" material="tx_foot" r="1" h="1" divr="10"
captop="yes" capbottom="yes" />
<box id="karte" material="karte_mat" w="1.0" d="1.5" h="0.05"/>
</objects>

<transformations>
<scale obj="c_bdy_1" x="3" y="6" z="2.5" />
<translate obj="c_bdy_1" relative="yes" xp="3" yp="6" zp="2.2479" />

<scale obj="c_bdy_2a" x="0.75" y="0.858251" z="2.66556" />
<rotate obj="c_bdy_2a" xa="18.464005" />
<translate obj="c_bdy_2a" relative="yes" xp="0.75" yp="0.16" zp="2.529" />

<scale obj="c_bdy_2b" x="0.75" y="0.858251" z="2.66556" />
<rotate obj="c_bdy_2b" xa="18.464005" />
<translate obj="c_bdy_2b" relative="yes" xp="5.25" yp="0.16" zp="2.529" />

<scale obj="c_bdy_3" x="1.5" y="0.858251" z="1.3" />
<rotate obj="c_bdy_3" xa="18.464005" />
<translate obj="c_bdy_3" relative="yes" xp="3" yp="0.6" zp="3.82" />


<translate obj="fuss1" relative="yes" zp="0.5" /> 
<translate obj="fuss2" relative="yes" zp="0.5" /> 
<translate obj="fuss3" relative="yes" zp="0.5" /> 
<translate obj="fuss4" relative="yes" zp="0.5" /> 
<scale obj="fuss1" x="0.5" y="0.75" z="0.5" />
<rotate obj="fuss1" xa="90" />
<translate obj="fuss1" relative="yes" xp="0.75" yp="1.5" zp="-1" /> 
<scale obj="fuss2" x="0.5" y="0.75" z="0.5" />
<rotate obj="fuss2" xa="90" />
<translate obj="fuss2" relative="yes" xp="0.75" yp="10.5" zp="-1" />
<rotate obj="fuss3" xa="90" />
<scale obj="fuss3" x="0.5" y="0.75" z="0.5" />
<translate obj="fuss3" relative="yes" xp="5.25" yp="1.5" zp="-1" />
<scale obj="fuss4" x="0.5" y="0.75" z="0.5" />
<rotate obj="fuss4" xa="90" />
<translate obj="fuss4" relative="yes" xp="5.25" yp="10.5" zp="-1" />

<scale obj="Tisch" x="15" y="12.11095" z="0.5" />
<translate obj="Tisch" relative="yes" xp="-0.29915" yp="4.19082" zp="-1.48125" />

<translate obj="karte" relative="yes" xp="2.95" yp="-9.75" zp="4" />
<rotate obj="karte" ya="90" za="-90" />

<translate obj="TSweep2" xp="-1.84" yp="3.22" zp="-0.89" />
<rotate obj="TSweep2" xa="90" za="-7" />
<translate obj="TSweep3" xp="-2.14" yp="3.22" zp="-0.79" />
<rotate obj="TSweep3" xa="90" za="-171.024" />
<translate obj="TSweep4" xp="-2.45" yp="3.31" zp="-0.69" />
<rotate obj="TSweep4" xa="90" za="-156.024" />
<translate obj="TSweep5" xp="-2.73" yp="3.49" zp="-0.59" />
<rotate obj="TSweep5" xa="90" za="-141.024" />

</transformations>
</scene>