<!-- Material library -->

<!DOCTYPE scene SYSTEM "c:\projekte\szene\scene\scene.dtd">
<scene>
<cameras>
<camera id="camera" fov="90.0" z="-200"/>
</cameras>
<materials>
<!--  Material library -->
<!-- 
<material id="brass" numgradients="100"
shadetype="PL_SHADE_GOURAUD"
shininess="120" 
 ambient0="14" ambient1="10" ambient2="5" 
diffuse0="119" diffuse1="86" diffuse2="39"
specular0="119" specular1="86" specular2="39" />

<material id="silver" numgradients="100"
shadetype="PL_SHADE_GOURAUD"
shininess="80" 
 ambient0="46" ambient1="46" ambient2="50" 
diffuse0="161" diffuse1="162" diffuse2="175"
specular0="172" specular1="174" specular2="187" />

<material id="chrome" numgradients="100"
shadetype="PL_SHADE_GOURAUD"
shininess="80"
 ambient0="50" ambient1="50" ambient2="50" 
diffuse0="118" diffuse1="118" diffuse2="118"
specular0="134" specular1="134" specular2="134" />

<material id="new_brass" numgradients="100"
shadetype="PL_SHADE_GOURAUD"
shininess="75"
 ambient0="62" ambient1="50" ambient2="33" 
diffuse0="179" diffuse1="143" diffuse2="94"
specular0="73" specular1="59" specular2="39" />

<material id="copper_base" numgradients="100"
shadetype="PL_SHADE_GOURAUD"
shininess="25"
 ambient0="63" ambient1="24" ambient2="14" 
diffuse0="63" diffuse1="24" diffuse2="14"
specular0="199" specular1="167" specular2="153" />
 
<material id="copper_oxidized" numgradients="100"
shadetype="PL_SHADE_GOURAUD"
shininess="25"
 ambient0="8" ambient1="14" ambient2="13" 
diffuse0="98" diffuse1="159" diffuse2="157"
specular0="20" specular1="20" specular2="20" 
/>
 -->

<!--  Library Material -->
<material id="planemat" numgradients="100" shadetype="PL_SHADE_GOURAUD_DISTANCE" 
ambient0="0" ambient1="0" ambient2="0" 
diffuse0="0" diffuse1="0" diffuse2="20" />

<!-- Standard-Material: Hier Werte eintragen -->
<material id="stdmat" numgradients="100"
shadetype="PL_SHADE_GOURAUD"
shininess="25"
 ambient0="63" ambient1="24" ambient2="14" 
diffuse0="63" diffuse1="24" diffuse2="14"
specular0="199" specular1="167" specular2="153" />
</materials>
<!-- Standard-Material -->
<lights>
<light id="light" type="PL_LIGHT_POINT_ANGLE" xp="-25.0" yp="25.0" zp="-100.0"
intensity="1.0" falloff="200.0"/>
</lights>

<objects>
<plane id="plane" material="planemat" w="1000.0" d="1000" res="32"/>
<sphere id="stdobj" material="stdmat" r="50.0" divr="48" divh="48"/>
</objects>
<transformations>
<rotate obj="plane" relative="yes" xa="30"/>
<translate obj="plane" relative="yes" yp="-100"/>
</transformations>
</scene>